accession,in approved list,organism,life stage,age,assay,tissue/cell line,target,status,description,fileFormat,fileSize,URL,md5sum,lab,date created,biologicalReplicate,technicalReplicate,run type,read length,control details(@Accession;URL;md5Sum)
ENCSR000CGC,yes,Mus musculus,adult,8week,ChIP-seq,thymus,H3K27me3,released,H3K27me3 ChIP-seq on 8-week mouse thymus,broadPeak,337920,https://www.encodedcc.org/files/ENCFF001KXY/@@download/ENCFF001KXY.broadPeak.bigBed,7d1a458b4f0d2acbe1c056e83449e257,bing-ren,2011-12-23,0,0,Single-ended,NA,@ENCSR000CCK;https://www.encodedcc.org/files/ENCFF001KYJ/@@download/ENCFF001KYJ.bam;adfc065417cdfe77060d3b5fdf998447@ENCSR000CCK;https://www.encodedcc.org/files/ENCFF001KYK/@@download/ENCFF001KYK.bam;93efe344eca305f97c17ca168bb5a289@ENCSR000CCK;https://www.encodedcc.org/files/ENCFF001KYM/@@download/ENCFF001KYM.bigWig;d16681619ea91c90637331460fbc480d@ENCSR000CCK;https://www.encodedcc.org/files/ENCFF001KYS/@@download/ENCFF001KYS.fastq.gz;bb69ba39ce57627e6a13d2ccec1e6a80@ENCSR000CCK;https://www.encodedcc.org/files/ENCFF001KYT/@@download/ENCFF001KYT.fastq.gz;d9c3637931b15a52607dd86a2aa722d2
ENCSR000CGC,yes,Mus musculus,adult,8week,ChIP-seq,thymus,H3K27me3,released,H3K27me3 ChIP-seq on 8-week mouse thymus,bam,1521604525,https://www.encodedcc.org/files/ENCFF001KXZ/@@download/ENCFF001KXZ.bam,ccfb49e20022bcab5c4eb1b408952d2c,bing-ren,2011-12-23,1,1,Single-ended,NA,@ENCSR000CCK;https://www.encodedcc.org/files/ENCFF001KYJ/@@download/ENCFF001KYJ.bam;adfc065417cdfe77060d3b5fdf998447@ENCSR000CCK;https://www.encodedcc.org/files/ENCFF001KYK/@@download/ENCFF001KYK.bam;93efe344eca305f97c17ca168bb5a289@ENCSR000CCK;https://www.encodedcc.org/files/ENCFF001KYM/@@download/ENCFF001KYM.bigWig;d16681619ea91c90637331460fbc480d@ENCSR000CCK;https://www.encodedcc.org/files/ENCFF001KYS/@@download/ENCFF001KYS.fastq.gz;bb69ba39ce57627e6a13d2ccec1e6a80@ENCSR000CCK;https://www.encodedcc.org/files/ENCFF001KYT/@@download/ENCFF001KYT.fastq.gz;d9c3637931b15a52607dd86a2aa722d2
ENCSR000CGC,yes,Mus musculus,adult,8week,ChIP-seq,thymus,H3K27me3,released,H3K27me3 ChIP-seq on 8-week mouse thymus,bam,1458095921,https://www.encodedcc.org/files/ENCFF001KYA/@@download/ENCFF001KYA.bam,50bad0198d5c866719dca610b15726f3,bing-ren,2011-12-23,2,1,Single-ended,NA,@ENCSR000CCK;https://www.encodedcc.org/files/ENCFF001KYJ/@@download/ENCFF001KYJ.bam;adfc065417cdfe77060d3b5fdf998447@ENCSR000CCK;https://www.encodedcc.org/files/ENCFF001KYK/@@download/ENCFF001KYK.bam;93efe344eca305f97c17ca168bb5a289@ENCSR000CCK;https://www.encodedcc.org/files/ENCFF001KYM/@@download/ENCFF001KYM.bigWig;d16681619ea91c90637331460fbc480d@ENCSR000CCK;https://www.encodedcc.org/files/ENCFF001KYS/@@download/ENCFF001KYS.fastq.gz;bb69ba39ce57627e6a13d2ccec1e6a80@ENCSR000CCK;https://www.encodedcc.org/files/ENCFF001KYT/@@download/ENCFF001KYT.fastq.gz;d9c3637931b15a52607dd86a2aa722d2
ENCSR000CGC,yes,Mus musculus,adult,8week,ChIP-seq,thymus,H3K27me3,released,H3K27me3 ChIP-seq on 8-week mouse thymus,bigWig,78582368,https://www.encodedcc.org/files/ENCFF001KYB/@@download/ENCFF001KYB.bigWig,b5538f588b27fc74665d2921e2c9b162,bing-ren,2011-12-23,0,0,Single-ended,NA,@ENCSR000CCK;https://www.encodedcc.org/files/ENCFF001KYJ/@@download/ENCFF001KYJ.bam;adfc065417cdfe77060d3b5fdf998447@ENCSR000CCK;https://www.encodedcc.org/files/ENCFF001KYK/@@download/ENCFF001KYK.bam;93efe344eca305f97c17ca168bb5a289@ENCSR000CCK;https://www.encodedcc.org/files/ENCFF001KYM/@@download/ENCFF001KYM.bigWig;d16681619ea91c90637331460fbc480d@ENCSR000CCK;https://www.encodedcc.org/files/ENCFF001KYS/@@download/ENCFF001KYS.fastq.gz;bb69ba39ce57627e6a13d2ccec1e6a80@ENCSR000CCK;https://www.encodedcc.org/files/ENCFF001KYT/@@download/ENCFF001KYT.fastq.gz;d9c3637931b15a52607dd86a2aa722d2
ENCSR000CGC,yes,Mus musculus,adult,8week,ChIP-seq,thymus,H3K27me3,released,H3K27me3 ChIP-seq on 8-week mouse thymus,fastq,1487989134,https://www.encodedcc.org/files/ENCFF001KYH/@@download/ENCFF001KYH.fastq.gz,40ab68184c333b228eaa3bac63ab515f,bing-ren,2011-12-23,1,1,Single-ended,NA,@ENCSR000CCK;https://www.encodedcc.org/files/ENCFF001KYJ/@@download/ENCFF001KYJ.bam;adfc065417cdfe77060d3b5fdf998447@ENCSR000CCK;https://www.encodedcc.org/files/ENCFF001KYK/@@download/ENCFF001KYK.bam;93efe344eca305f97c17ca168bb5a289@ENCSR000CCK;https://www.encodedcc.org/files/ENCFF001KYM/@@download/ENCFF001KYM.bigWig;d16681619ea91c90637331460fbc480d@ENCSR000CCK;https://www.encodedcc.org/files/ENCFF001KYS/@@download/ENCFF001KYS.fastq.gz;bb69ba39ce57627e6a13d2ccec1e6a80@ENCSR000CCK;https://www.encodedcc.org/files/ENCFF001KYT/@@download/ENCFF001KYT.fastq.gz;d9c3637931b15a52607dd86a2aa722d2
ENCSR000CGC,yes,Mus musculus,adult,8week,ChIP-seq,thymus,H3K27me3,released,H3K27me3 ChIP-seq on 8-week mouse thymus,fastq,1508487581,https://www.encodedcc.org/files/ENCFF001KYL/@@download/ENCFF001KYL.fastq.gz,8855ac5b14363b6a4ad7ca873f49ad6b,bing-ren,2011-12-23,2,1,Single-ended,NA,@ENCSR000CCK;https://www.encodedcc.org/files/ENCFF001KYJ/@@download/ENCFF001KYJ.bam;adfc065417cdfe77060d3b5fdf998447@ENCSR000CCK;https://www.encodedcc.org/files/ENCFF001KYK/@@download/ENCFF001KYK.bam;93efe344eca305f97c17ca168bb5a289@ENCSR000CCK;https://www.encodedcc.org/files/ENCFF001KYM/@@download/ENCFF001KYM.bigWig;d16681619ea91c90637331460fbc480d@ENCSR000CCK;https://www.encodedcc.org/files/ENCFF001KYS/@@download/ENCFF001KYS.fastq.gz;bb69ba39ce57627e6a13d2ccec1e6a80@ENCSR000CCK;https://www.encodedcc.org/files/ENCFF001KYT/@@download/ENCFF001KYT.fastq.gz;d9c3637931b15a52607dd86a2aa722d2
ENCSR000CGC,yes,Mus musculus,adult,8week,ChIP-seq,thymus,H3K27me3,released,H3K27me3 ChIP-seq on 8-week mouse thymus,bed_broadPeak,156091,https://www.encodedcc.org/files/ENCFF001XZM/@@download/ENCFF001XZM.broadPeak.gz,58b51b0f444f473859d31e1a7b4f309d,bing-ren,2011-12-23,0,0,Single-ended,NA,@ENCSR000CCK;https://www.encodedcc.org/files/ENCFF001KYJ/@@download/ENCFF001KYJ.bam;adfc065417cdfe77060d3b5fdf998447@ENCSR000CCK;https://www.encodedcc.org/files/ENCFF001KYK/@@download/ENCFF001KYK.bam;93efe344eca305f97c17ca168bb5a289@ENCSR000CCK;https://www.encodedcc.org/files/ENCFF001KYM/@@download/ENCFF001KYM.bigWig;d16681619ea91c90637331460fbc480d@ENCSR000CCK;https://www.encodedcc.org/files/ENCFF001KYS/@@download/ENCFF001KYS.fastq.gz;bb69ba39ce57627e6a13d2ccec1e6a80@ENCSR000CCK;https://www.encodedcc.org/files/ENCFF001KYT/@@download/ENCFF001KYT.fastq.gz;d9c3637931b15a52607dd86a2aa722d2
ENCSR000CFV,yes,Mus musculus,adult,8week,ChIP-seq,thymus,H3K36me3,released,H3K36me3 ChIP-seq on 8-week mouse thymus,bam,1681277011,https://www.encodedcc.org/files/ENCFF001KYD/@@download/ENCFF001KYD.bam,19a21c28bbf072b4acc16d3f4853affb,bing-ren,2011-12-23,1,1,Single-ended,NA,@ENCSR000CCK;https://www.encodedcc.org/files/ENCFF001KYJ/@@download/ENCFF001KYJ.bam;adfc065417cdfe77060d3b5fdf998447@ENCSR000CCK;https://www.encodedcc.org/files/ENCFF001KYK/@@download/ENCFF001KYK.bam;93efe344eca305f97c17ca168bb5a289@ENCSR000CCK;https://www.encodedcc.org/files/ENCFF001KYM/@@download/ENCFF001KYM.bigWig;d16681619ea91c90637331460fbc480d@ENCSR000CCK;https://www.encodedcc.org/files/ENCFF001KYS/@@download/ENCFF001KYS.fastq.gz;bb69ba39ce57627e6a13d2ccec1e6a80@ENCSR000CCK;https://www.encodedcc.org/files/ENCFF001KYT/@@download/ENCFF001KYT.fastq.gz;d9c3637931b15a52607dd86a2aa722d2
ENCSR000CFV,yes,Mus musculus,adult,8week,ChIP-seq,thymus,H3K36me3,released,H3K36me3 ChIP-seq on 8-week mouse thymus,broadPeak,2111444,https://www.encodedcc.org/files/ENCFF001KYE/@@download/ENCFF001KYE.broadPeak.bigBed,3f5ab2b0e627e8e05591d255adc48621,bing-ren,2011-12-23,0,0,Single-ended,NA,@ENCSR000CCK;https://www.encodedcc.org/files/ENCFF001KYJ/@@download/ENCFF001KYJ.bam;adfc065417cdfe77060d3b5fdf998447@ENCSR000CCK;https://www.encodedcc.org/files/ENCFF001KYK/@@download/ENCFF001KYK.bam;93efe344eca305f97c17ca168bb5a289@ENCSR000CCK;https://www.encodedcc.org/files/ENCFF001KYM/@@download/ENCFF001KYM.bigWig;d16681619ea91c90637331460fbc480d@ENCSR000CCK;https://www.encodedcc.org/files/ENCFF001KYS/@@download/ENCFF001KYS.fastq.gz;bb69ba39ce57627e6a13d2ccec1e6a80@ENCSR000CCK;https://www.encodedcc.org/files/ENCFF001KYT/@@download/ENCFF001KYT.fastq.gz;d9c3637931b15a52607dd86a2aa722d2
ENCSR000CFV,yes,Mus musculus,adult,8week,ChIP-seq,thymus,H3K36me3,released,H3K36me3 ChIP-seq on 8-week mouse thymus,bam,1655483184,https://www.encodedcc.org/files/ENCFF001KYF/@@download/ENCFF001KYF.bam,78463d3e219186afb1ca1e829b758ec6,bing-ren,2011-12-23,2,1,Single-ended,NA,@ENCSR000CCK;https://www.encodedcc.org/files/ENCFF001KYJ/@@download/ENCFF001KYJ.bam;adfc065417cdfe77060d3b5fdf998447@ENCSR000CCK;https://www.encodedcc.org/files/ENCFF001KYK/@@download/ENCFF001KYK.bam;93efe344eca305f97c17ca168bb5a289@ENCSR000CCK;https://www.encodedcc.org/files/ENCFF001KYM/@@download/ENCFF001KYM.bigWig;d16681619ea91c90637331460fbc480d@ENCSR000CCK;https://www.encodedcc.org/files/ENCFF001KYS/@@download/ENCFF001KYS.fastq.gz;bb69ba39ce57627e6a13d2ccec1e6a80@ENCSR000CCK;https://www.encodedcc.org/files/ENCFF001KYT/@@download/ENCFF001KYT.fastq.gz;d9c3637931b15a52607dd86a2aa722d2
ENCSR000CFV,yes,Mus musculus,adult,8week,ChIP-seq,thymus,H3K36me3,released,H3K36me3 ChIP-seq on 8-week mouse thymus,bigWig,67866730,https://www.encodedcc.org/files/ENCFF001KYI/@@download/ENCFF001KYI.bigWig,3b21195142f0bc289e1c2fc09320a14a,bing-ren,2011-12-23,0,0,Single-ended,NA,@ENCSR000CCK;https://www.encodedcc.org/files/ENCFF001KYJ/@@download/ENCFF001KYJ.bam;adfc065417cdfe77060d3b5fdf998447@ENCSR000CCK;https://www.encodedcc.org/files/ENCFF001KYK/@@download/ENCFF001KYK.bam;93efe344eca305f97c17ca168bb5a289@ENCSR000CCK;https://www.encodedcc.org/files/ENCFF001KYM/@@download/ENCFF001KYM.bigWig;d16681619ea91c90637331460fbc480d@ENCSR000CCK;https://www.encodedcc.org/files/ENCFF001KYS/@@download/ENCFF001KYS.fastq.gz;bb69ba39ce57627e6a13d2ccec1e6a80@ENCSR000CCK;https://www.encodedcc.org/files/ENCFF001KYT/@@download/ENCFF001KYT.fastq.gz;d9c3637931b15a52607dd86a2aa722d2
ENCSR000CFV,yes,Mus musculus,adult,8week,ChIP-seq,thymus,H3K36me3,released,H3K36me3 ChIP-seq on 8-week mouse thymus,fastq,1678571034,https://www.encodedcc.org/files/ENCFF001KYN/@@download/ENCFF001KYN.fastq.gz,e4ac140bf0903df2675965214a521957,bing-ren,2011-12-23,1,1,Single-ended,NA,@ENCSR000CCK;https://www.encodedcc.org/files/ENCFF001KYJ/@@download/ENCFF001KYJ.bam;adfc065417cdfe77060d3b5fdf998447@ENCSR000CCK;https://www.encodedcc.org/files/ENCFF001KYK/@@download/ENCFF001KYK.bam;93efe344eca305f97c17ca168bb5a289@ENCSR000CCK;https://www.encodedcc.org/files/ENCFF001KYM/@@download/ENCFF001KYM.bigWig;d16681619ea91c90637331460fbc480d@ENCSR000CCK;https://www.encodedcc.org/files/ENCFF001KYS/@@download/ENCFF001KYS.fastq.gz;bb69ba39ce57627e6a13d2ccec1e6a80@ENCSR000CCK;https://www.encodedcc.org/files/ENCFF001KYT/@@download/ENCFF001KYT.fastq.gz;d9c3637931b15a52607dd86a2aa722d2
ENCSR000CFV,yes,Mus musculus,adult,8week,ChIP-seq,thymus,H3K36me3,released,H3K36me3 ChIP-seq on 8-week mouse thymus,fastq,1596134244,https://www.encodedcc.org/files/ENCFF001KYP/@@download/ENCFF001KYP.fastq.gz,4ee5876856f8a6f31fcfadfcded1c48f,bing-ren,2011-12-23,2,1,Single-ended,NA,@ENCSR000CCK;https://www.encodedcc.org/files/ENCFF001KYJ/@@download/ENCFF001KYJ.bam;adfc065417cdfe77060d3b5fdf998447@ENCSR000CCK;https://www.encodedcc.org/files/ENCFF001KYK/@@download/ENCFF001KYK.bam;93efe344eca305f97c17ca168bb5a289@ENCSR000CCK;https://www.encodedcc.org/files/ENCFF001KYM/@@download/ENCFF001KYM.bigWig;d16681619ea91c90637331460fbc480d@ENCSR000CCK;https://www.encodedcc.org/files/ENCFF001KYS/@@download/ENCFF001KYS.fastq.gz;bb69ba39ce57627e6a13d2ccec1e6a80@ENCSR000CCK;https://www.encodedcc.org/files/ENCFF001KYT/@@download/ENCFF001KYT.fastq.gz;d9c3637931b15a52607dd86a2aa722d2
ENCSR000CFV,yes,Mus musculus,adult,8week,ChIP-seq,thymus,H3K36me3,released,H3K36me3 ChIP-seq on 8-week mouse thymus,bed_broadPeak,1416993,https://www.encodedcc.org/files/ENCFF001XZN/@@download/ENCFF001XZN.broadPeak.gz,18671306bfbabf85ed37d8d060ed6d36,bing-ren,2011-12-23,0,0,Single-ended,NA,@ENCSR000CCK;https://www.encodedcc.org/files/ENCFF001KYJ/@@download/ENCFF001KYJ.bam;adfc065417cdfe77060d3b5fdf998447@ENCSR000CCK;https://www.encodedcc.org/files/ENCFF001KYK/@@download/ENCFF001KYK.bam;93efe344eca305f97c17ca168bb5a289@ENCSR000CCK;https://www.encodedcc.org/files/ENCFF001KYM/@@download/ENCFF001KYM.bigWig;d16681619ea91c90637331460fbc480d@ENCSR000CCK;https://www.encodedcc.org/files/ENCFF001KYS/@@download/ENCFF001KYS.fastq.gz;bb69ba39ce57627e6a13d2ccec1e6a80@ENCSR000CCK;https://www.encodedcc.org/files/ENCFF001KYT/@@download/ENCFF001KYT.fastq.gz;d9c3637931b15a52607dd86a2aa722d2
ENCSR000CEA,yes,Mus musculus,adult,8week,ChIP-seq,thymus,POLR2A,released,POLR2A ChIP-seq on 8-week mouse thymus,bam,270875170,https://www.encodedcc.org/files/ENCFF001LSO/@@download/ENCFF001LSO.bam,184c0008111f1ae4a056cb1c4ecc9225,bing-ren,2012-02-14,1,1,Single-ended,NA,@ENCSR000CCK;https://www.encodedcc.org/files/ENCFF001KYJ/@@download/ENCFF001KYJ.bam;adfc065417cdfe77060d3b5fdf998447@ENCSR000CCK;https://www.encodedcc.org/files/ENCFF001KYK/@@download/ENCFF001KYK.bam;93efe344eca305f97c17ca168bb5a289@ENCSR000CCK;https://www.encodedcc.org/files/ENCFF001KYM/@@download/ENCFF001KYM.bigWig;d16681619ea91c90637331460fbc480d@ENCSR000CCK;https://www.encodedcc.org/files/ENCFF001KYS/@@download/ENCFF001KYS.fastq.gz;bb69ba39ce57627e6a13d2ccec1e6a80@ENCSR000CCK;https://www.encodedcc.org/files/ENCFF001KYT/@@download/ENCFF001KYT.fastq.gz;d9c3637931b15a52607dd86a2aa722d2
ENCSR000CEA,yes,Mus musculus,adult,8week,ChIP-seq,thymus,POLR2A,released,POLR2A ChIP-seq on 8-week mouse thymus,broadPeak,327364,https://www.encodedcc.org/files/ENCFF001LSP/@@download/ENCFF001LSP.broadPeak.bigBed,6cbd25d9a80d511a0b907efe626823ed,bing-ren,2012-02-14,0,0,Single-ended,NA,@ENCSR000CCK;https://www.encodedcc.org/files/ENCFF001KYJ/@@download/ENCFF001KYJ.bam;adfc065417cdfe77060d3b5fdf998447@ENCSR000CCK;https://www.encodedcc.org/files/ENCFF001KYK/@@download/ENCFF001KYK.bam;93efe344eca305f97c17ca168bb5a289@ENCSR000CCK;https://www.encodedcc.org/files/ENCFF001KYM/@@download/ENCFF001KYM.bigWig;d16681619ea91c90637331460fbc480d@ENCSR000CCK;https://www.encodedcc.org/files/ENCFF001KYS/@@download/ENCFF001KYS.fastq.gz;bb69ba39ce57627e6a13d2ccec1e6a80@ENCSR000CCK;https://www.encodedcc.org/files/ENCFF001KYT/@@download/ENCFF001KYT.fastq.gz;d9c3637931b15a52607dd86a2aa722d2
ENCSR000CEA,yes,Mus musculus,adult,8week,ChIP-seq,thymus,POLR2A,released,POLR2A ChIP-seq on 8-week mouse thymus,bam,363271373,https://www.encodedcc.org/files/ENCFF001LSQ/@@download/ENCFF001LSQ.bam,f7b4bbc0b3334b27630e8d7adc64825f,bing-ren,2012-02-14,2,1,Single-ended,NA,@ENCSR000CCK;https://www.encodedcc.org/files/ENCFF001KYJ/@@download/ENCFF001KYJ.bam;adfc065417cdfe77060d3b5fdf998447@ENCSR000CCK;https://www.encodedcc.org/files/ENCFF001KYK/@@download/ENCFF001KYK.bam;93efe344eca305f97c17ca168bb5a289@ENCSR000CCK;https://www.encodedcc.org/files/ENCFF001KYM/@@download/ENCFF001KYM.bigWig;d16681619ea91c90637331460fbc480d@ENCSR000CCK;https://www.encodedcc.org/files/ENCFF001KYS/@@download/ENCFF001KYS.fastq.gz;bb69ba39ce57627e6a13d2ccec1e6a80@ENCSR000CCK;https://www.encodedcc.org/files/ENCFF001KYT/@@download/ENCFF001KYT.fastq.gz;d9c3637931b15a52607dd86a2aa722d2
ENCSR000CEA,yes,Mus musculus,adult,8week,ChIP-seq,thymus,POLR2A,released,POLR2A ChIP-seq on 8-week mouse thymus,bigWig,45114690,https://www.encodedcc.org/files/ENCFF001LSR/@@download/ENCFF001LSR.bigWig,ad044da687ac21ab75ce14749ecf5a44,bing-ren,2012-02-14,0,0,Single-ended,NA,@ENCSR000CCK;https://www.encodedcc.org/files/ENCFF001KYJ/@@download/ENCFF001KYJ.bam;adfc065417cdfe77060d3b5fdf998447@ENCSR000CCK;https://www.encodedcc.org/files/ENCFF001KYK/@@download/ENCFF001KYK.bam;93efe344eca305f97c17ca168bb5a289@ENCSR000CCK;https://www.encodedcc.org/files/ENCFF001KYM/@@download/ENCFF001KYM.bigWig;d16681619ea91c90637331460fbc480d@ENCSR000CCK;https://www.encodedcc.org/files/ENCFF001KYS/@@download/ENCFF001KYS.fastq.gz;bb69ba39ce57627e6a13d2ccec1e6a80@ENCSR000CCK;https://www.encodedcc.org/files/ENCFF001KYT/@@download/ENCFF001KYT.fastq.gz;d9c3637931b15a52607dd86a2aa722d2
ENCSR000CEA,yes,Mus musculus,adult,8week,ChIP-seq,thymus,POLR2A,released,POLR2A ChIP-seq on 8-week mouse thymus,fastq,425888815,https://www.encodedcc.org/files/ENCFF001LSZ/@@download/ENCFF001LSZ.fastq.gz,d1b018b757a214337ac4996913b7685a,bing-ren,2012-02-14,1,1,Single-ended,NA,@ENCSR000CCK;https://www.encodedcc.org/files/ENCFF001KYJ/@@download/ENCFF001KYJ.bam;adfc065417cdfe77060d3b5fdf998447@ENCSR000CCK;https://www.encodedcc.org/files/ENCFF001KYK/@@download/ENCFF001KYK.bam;93efe344eca305f97c17ca168bb5a289@ENCSR000CCK;https://www.encodedcc.org/files/ENCFF001KYM/@@download/ENCFF001KYM.bigWig;d16681619ea91c90637331460fbc480d@ENCSR000CCK;https://www.encodedcc.org/files/ENCFF001KYS/@@download/ENCFF001KYS.fastq.gz;bb69ba39ce57627e6a13d2ccec1e6a80@ENCSR000CCK;https://www.encodedcc.org/files/ENCFF001KYT/@@download/ENCFF001KYT.fastq.gz;d9c3637931b15a52607dd86a2aa722d2
ENCSR000CEA,yes,Mus musculus,adult,8week,ChIP-seq,thymus,POLR2A,released,POLR2A ChIP-seq on 8-week mouse thymus,fastq,520739019,https://www.encodedcc.org/files/ENCFF001LTA/@@download/ENCFF001LTA.fastq.gz,817d7f1cff4252648b207dc136fc92f2,bing-ren,2012-02-14,2,1,Single-ended,NA,@ENCSR000CCK;https://www.encodedcc.org/files/ENCFF001KYJ/@@download/ENCFF001KYJ.bam;adfc065417cdfe77060d3b5fdf998447@ENCSR000CCK;https://www.encodedcc.org/files/ENCFF001KYK/@@download/ENCFF001KYK.bam;93efe344eca305f97c17ca168bb5a289@ENCSR000CCK;https://www.encodedcc.org/files/ENCFF001KYM/@@download/ENCFF001KYM.bigWig;d16681619ea91c90637331460fbc480d@ENCSR000CCK;https://www.encodedcc.org/files/ENCFF001KYS/@@download/ENCFF001KYS.fastq.gz;bb69ba39ce57627e6a13d2ccec1e6a80@ENCSR000CCK;https://www.encodedcc.org/files/ENCFF001KYT/@@download/ENCFF001KYT.fastq.gz;d9c3637931b15a52607dd86a2aa722d2
ENCSR000CEA,yes,Mus musculus,adult,8week,ChIP-seq,thymus,POLR2A,released,POLR2A ChIP-seq on 8-week mouse thymus,bed_broadPeak,215964,https://www.encodedcc.org/files/ENCFF001YBD/@@download/ENCFF001YBD.broadPeak.gz,500f8d677171b9695921713949ba6ff1,bing-ren,2012-02-14,0,0,Single-ended,NA,@ENCSR000CCK;https://www.encodedcc.org/files/ENCFF001KYJ/@@download/ENCFF001KYJ.bam;adfc065417cdfe77060d3b5fdf998447@ENCSR000CCK;https://www.encodedcc.org/files/ENCFF001KYK/@@download/ENCFF001KYK.bam;93efe344eca305f97c17ca168bb5a289@ENCSR000CCK;https://www.encodedcc.org/files/ENCFF001KYM/@@download/ENCFF001KYM.bigWig;d16681619ea91c90637331460fbc480d@ENCSR000CCK;https://www.encodedcc.org/files/ENCFF001KYS/@@download/ENCFF001KYS.fastq.gz;bb69ba39ce57627e6a13d2ccec1e6a80@ENCSR000CCK;https://www.encodedcc.org/files/ENCFF001KYT/@@download/ENCFF001KYT.fastq.gz;d9c3637931b15a52607dd86a2aa722d2
ENCSR000CCK,yes,Mus musculus,adult,8week,ChIP-seq,thymus,Control,released,Control ChIP-seq on 8-week mouse thymus,bam,327865806,https://www.encodedcc.org/files/ENCFF001KYJ/@@download/ENCFF001KYJ.bam,adfc065417cdfe77060d3b5fdf998447,bing-ren,2011-12-23,1,1,Single-ended,NA,NA
ENCSR000CCK,yes,Mus musculus,adult,8week,ChIP-seq,thymus,Control,released,Control ChIP-seq on 8-week mouse thymus,bam,354968801,https://www.encodedcc.org/files/ENCFF001KYK/@@download/ENCFF001KYK.bam,93efe344eca305f97c17ca168bb5a289,bing-ren,2011-12-23,2,1,Single-ended,NA,NA
ENCSR000CCK,yes,Mus musculus,adult,8week,ChIP-seq,thymus,Control,released,Control ChIP-seq on 8-week mouse thymus,bigWig,82139044,https://www.encodedcc.org/files/ENCFF001KYM/@@download/ENCFF001KYM.bigWig,d16681619ea91c90637331460fbc480d,bing-ren,2011-12-23,0,0,Single-ended,NA,NA
ENCSR000CCK,yes,Mus musculus,adult,8week,ChIP-seq,thymus,Control,released,Control ChIP-seq on 8-week mouse thymus,fastq,522973467,https://www.encodedcc.org/files/ENCFF001KYS/@@download/ENCFF001KYS.fastq.gz,bb69ba39ce57627e6a13d2ccec1e6a80,bing-ren,2011-12-23,2,1,Single-ended,NA,NA
ENCSR000CCK,yes,Mus musculus,adult,8week,ChIP-seq,thymus,Control,released,Control ChIP-seq on 8-week mouse thymus,fastq,496674729,https://www.encodedcc.org/files/ENCFF001KYT/@@download/ENCFF001KYT.fastq.gz,d9c3637931b15a52607dd86a2aa722d2,bing-ren,2011-12-23,1,1,Single-ended,NA,NA
ENCSR000CCK,yes,Mus musculus,adult,8week,ChIP-seq,thymus,Control,released,Control ChIP-seq on 8-week mouse thymus,bam,0,NA,NA,NA,NA,0,0,Single-ended,NA,NA
ENCSR000CCK,yes,Mus musculus,adult,8week,ChIP-seq,thymus,Control,released,Control ChIP-seq on 8-week mouse thymus,bam,0,NA,NA,NA,NA,0,0,Single-ended,NA,NA
ENCSR000CCK,yes,Mus musculus,adult,8week,ChIP-seq,thymus,Control,released,Control ChIP-seq on 8-week mouse thymus,bigWig,0,NA,NA,NA,NA,0,0,Single-ended,NA,NA
ENCSR000CCH,yes,Mus musculus,adult,8week,ChIP-seq,thymus,H3K27ac,released,H3K27ac ChIP-seq on 8-week mouse thymus,bam,290987415,https://www.encodedcc.org/files/ENCFF001KXQ/@@download/ENCFF001KXQ.bam,f4c3d63a96f18151b077c17f5f73fd87,bing-ren,2011-12-23,1,1,Single-ended,NA,@ENCSR000CCK;https://www.encodedcc.org/files/ENCFF001KYJ/@@download/ENCFF001KYJ.bam;adfc065417cdfe77060d3b5fdf998447@ENCSR000CCK;https://www.encodedcc.org/files/ENCFF001KYK/@@download/ENCFF001KYK.bam;93efe344eca305f97c17ca168bb5a289@ENCSR000CCK;https://www.encodedcc.org/files/ENCFF001KYM/@@download/ENCFF001KYM.bigWig;d16681619ea91c90637331460fbc480d@ENCSR000CCK;https://www.encodedcc.org/files/ENCFF001KYS/@@download/ENCFF001KYS.fastq.gz;bb69ba39ce57627e6a13d2ccec1e6a80@ENCSR000CCK;https://www.encodedcc.org/files/ENCFF001KYT/@@download/ENCFF001KYT.fastq.gz;d9c3637931b15a52607dd86a2aa722d2
ENCSR000CCH,yes,Mus musculus,adult,8week,ChIP-seq,thymus,H3K27ac,released,H3K27ac ChIP-seq on 8-week mouse thymus,broadPeak,254464,https://www.encodedcc.org/files/ENCFF001KXS/@@download/ENCFF001KXS.broadPeak.bigBed,5c427fc71b691266054e1dec27a1f653,bing-ren,2011-12-23,0,0,Single-ended,NA,@ENCSR000CCK;https://www.encodedcc.org/files/ENCFF001KYJ/@@download/ENCFF001KYJ.bam;adfc065417cdfe77060d3b5fdf998447@ENCSR000CCK;https://www.encodedcc.org/files/ENCFF001KYK/@@download/ENCFF001KYK.bam;93efe344eca305f97c17ca168bb5a289@ENCSR000CCK;https://www.encodedcc.org/files/ENCFF001KYM/@@download/ENCFF001KYM.bigWig;d16681619ea91c90637331460fbc480d@ENCSR000CCK;https://www.encodedcc.org/files/ENCFF001KYS/@@download/ENCFF001KYS.fastq.gz;bb69ba39ce57627e6a13d2ccec1e6a80@ENCSR000CCK;https://www.encodedcc.org/files/ENCFF001KYT/@@download/ENCFF001KYT.fastq.gz;d9c3637931b15a52607dd86a2aa722d2
ENCSR000CCH,yes,Mus musculus,adult,8week,ChIP-seq,thymus,H3K27ac,released,H3K27ac ChIP-seq on 8-week mouse thymus,bam,1116970969,https://www.encodedcc.org/files/ENCFF001KXU/@@download/ENCFF001KXU.bam,2c70505e25b677eb5f8ff72f0a6c168b,bing-ren,2011-12-23,2,1,Single-ended,NA,@ENCSR000CCK;https://www.encodedcc.org/files/ENCFF001KYJ/@@download/ENCFF001KYJ.bam;adfc065417cdfe77060d3b5fdf998447@ENCSR000CCK;https://www.encodedcc.org/files/ENCFF001KYK/@@download/ENCFF001KYK.bam;93efe344eca305f97c17ca168bb5a289@ENCSR000CCK;https://www.encodedcc.org/files/ENCFF001KYM/@@download/ENCFF001KYM.bigWig;d16681619ea91c90637331460fbc480d@ENCSR000CCK;https://www.encodedcc.org/files/ENCFF001KYS/@@download/ENCFF001KYS.fastq.gz;bb69ba39ce57627e6a13d2ccec1e6a80@ENCSR000CCK;https://www.encodedcc.org/files/ENCFF001KYT/@@download/ENCFF001KYT.fastq.gz;d9c3637931b15a52607dd86a2aa722d2
ENCSR000CCH,yes,Mus musculus,adult,8week,ChIP-seq,thymus,H3K27ac,released,H3K27ac ChIP-seq on 8-week mouse thymus,bigWig,69945879,https://www.encodedcc.org/files/ENCFF001KXV/@@download/ENCFF001KXV.bigWig,b34eacadd484678949e58d9b1a25f23b,bing-ren,2011-12-23,0,0,Single-ended,NA,@ENCSR000CCK;https://www.encodedcc.org/files/ENCFF001KYJ/@@download/ENCFF001KYJ.bam;adfc065417cdfe77060d3b5fdf998447@ENCSR000CCK;https://www.encodedcc.org/files/ENCFF001KYK/@@download/ENCFF001KYK.bam;93efe344eca305f97c17ca168bb5a289@ENCSR000CCK;https://www.encodedcc.org/files/ENCFF001KYM/@@download/ENCFF001KYM.bigWig;d16681619ea91c90637331460fbc480d@ENCSR000CCK;https://www.encodedcc.org/files/ENCFF001KYS/@@download/ENCFF001KYS.fastq.gz;bb69ba39ce57627e6a13d2ccec1e6a80@ENCSR000CCK;https://www.encodedcc.org/files/ENCFF001KYT/@@download/ENCFF001KYT.fastq.gz;d9c3637931b15a52607dd86a2aa722d2
ENCSR000CCH,yes,Mus musculus,adult,8week,ChIP-seq,thymus,H3K27ac,released,H3K27ac ChIP-seq on 8-week mouse thymus,fastq,359279266,https://www.encodedcc.org/files/ENCFF001KYC/@@download/ENCFF001KYC.fastq.gz,4934470ad3a70a928474f49a54244a4c,bing-ren,2011-12-23,1,1,Single-ended,NA,@ENCSR000CCK;https://www.encodedcc.org/files/ENCFF001KYJ/@@download/ENCFF001KYJ.bam;adfc065417cdfe77060d3b5fdf998447@ENCSR000CCK;https://www.encodedcc.org/files/ENCFF001KYK/@@download/ENCFF001KYK.bam;93efe344eca305f97c17ca168bb5a289@ENCSR000CCK;https://www.encodedcc.org/files/ENCFF001KYM/@@download/ENCFF001KYM.bigWig;d16681619ea91c90637331460fbc480d@ENCSR000CCK;https://www.encodedcc.org/files/ENCFF001KYS/@@download/ENCFF001KYS.fastq.gz;bb69ba39ce57627e6a13d2ccec1e6a80@ENCSR000CCK;https://www.encodedcc.org/files/ENCFF001KYT/@@download/ENCFF001KYT.fastq.gz;d9c3637931b15a52607dd86a2aa722d2
ENCSR000CCH,yes,Mus musculus,adult,8week,ChIP-seq,thymus,H3K27ac,released,H3K27ac ChIP-seq on 8-week mouse thymus,fastq,1519627278,https://www.encodedcc.org/files/ENCFF001KYG/@@download/ENCFF001KYG.fastq.gz,f4a085bae1dbf14efc96da2f194260a5,bing-ren,2011-12-23,2,1,Single-ended,NA,@ENCSR000CCK;https://www.encodedcc.org/files/ENCFF001KYJ/@@download/ENCFF001KYJ.bam;adfc065417cdfe77060d3b5fdf998447@ENCSR000CCK;https://www.encodedcc.org/files/ENCFF001KYK/@@download/ENCFF001KYK.bam;93efe344eca305f97c17ca168bb5a289@ENCSR000CCK;https://www.encodedcc.org/files/ENCFF001KYM/@@download/ENCFF001KYM.bigWig;d16681619ea91c90637331460fbc480d@ENCSR000CCK;https://www.encodedcc.org/files/ENCFF001KYS/@@download/ENCFF001KYS.fastq.gz;bb69ba39ce57627e6a13d2ccec1e6a80@ENCSR000CCK;https://www.encodedcc.org/files/ENCFF001KYT/@@download/ENCFF001KYT.fastq.gz;d9c3637931b15a52607dd86a2aa722d2
ENCSR000CCH,yes,Mus musculus,adult,8week,ChIP-seq,thymus,H3K27ac,released,H3K27ac ChIP-seq on 8-week mouse thymus,bed_broadPeak,152564,https://www.encodedcc.org/files/ENCFF001XZL/@@download/ENCFF001XZL.broadPeak.gz,55b20e0f4bac7c27ddd09830096b5f6c,bing-ren,2011-12-23,0,0,Single-ended,NA,@ENCSR000CCK;https://www.encodedcc.org/files/ENCFF001KYJ/@@download/ENCFF001KYJ.bam;adfc065417cdfe77060d3b5fdf998447@ENCSR000CCK;https://www.encodedcc.org/files/ENCFF001KYK/@@download/ENCFF001KYK.bam;93efe344eca305f97c17ca168bb5a289@ENCSR000CCK;https://www.encodedcc.org/files/ENCFF001KYM/@@download/ENCFF001KYM.bigWig;d16681619ea91c90637331460fbc480d@ENCSR000CCK;https://www.encodedcc.org/files/ENCFF001KYS/@@download/ENCFF001KYS.fastq.gz;bb69ba39ce57627e6a13d2ccec1e6a80@ENCSR000CCK;https://www.encodedcc.org/files/ENCFF001KYT/@@download/ENCFF001KYT.fastq.gz;d9c3637931b15a52607dd86a2aa722d2
ENCSR000CCI,yes,Mus musculus,adult,8week,ChIP-seq,thymus,H3K4me1,released,H3K4me1 ChIP-seq on 8-week mouse thymus,bam,343520532,https://www.encodedcc.org/files/ENCFF001KXG/@@download/ENCFF001KXG.bam,cc2f47977eeab2489a789dc4f1f77fe8,bing-ren,2011-12-23,1,1,Single-ended,NA,@ENCSR000CCK;https://www.encodedcc.org/files/ENCFF001KYJ/@@download/ENCFF001KYJ.bam;adfc065417cdfe77060d3b5fdf998447@ENCSR000CCK;https://www.encodedcc.org/files/ENCFF001KYK/@@download/ENCFF001KYK.bam;93efe344eca305f97c17ca168bb5a289@ENCSR000CCK;https://www.encodedcc.org/files/ENCFF001KYM/@@download/ENCFF001KYM.bigWig;d16681619ea91c90637331460fbc480d@ENCSR000CCK;https://www.encodedcc.org/files/ENCFF001KYS/@@download/ENCFF001KYS.fastq.gz;bb69ba39ce57627e6a13d2ccec1e6a80@ENCSR000CCK;https://www.encodedcc.org/files/ENCFF001KYT/@@download/ENCFF001KYT.fastq.gz;d9c3637931b15a52607dd86a2aa722d2
ENCSR000CCI,yes,Mus musculus,adult,8week,ChIP-seq,thymus,H3K4me1,released,H3K4me1 ChIP-seq on 8-week mouse thymus,broadPeak,960691,https://www.encodedcc.org/files/ENCFF001KXH/@@download/ENCFF001KXH.broadPeak.bigBed,8f86126d92576043255ab23bd3e03059,bing-ren,2011-12-23,0,0,Single-ended,NA,@ENCSR000CCK;https://www.encodedcc.org/files/ENCFF001KYJ/@@download/ENCFF001KYJ.bam;adfc065417cdfe77060d3b5fdf998447@ENCSR000CCK;https://www.encodedcc.org/files/ENCFF001KYK/@@download/ENCFF001KYK.bam;93efe344eca305f97c17ca168bb5a289@ENCSR000CCK;https://www.encodedcc.org/files/ENCFF001KYM/@@download/ENCFF001KYM.bigWig;d16681619ea91c90637331460fbc480d@ENCSR000CCK;https://www.encodedcc.org/files/ENCFF001KYS/@@download/ENCFF001KYS.fastq.gz;bb69ba39ce57627e6a13d2ccec1e6a80@ENCSR000CCK;https://www.encodedcc.org/files/ENCFF001KYT/@@download/ENCFF001KYT.fastq.gz;d9c3637931b15a52607dd86a2aa722d2
ENCSR000CCI,yes,Mus musculus,adult,8week,ChIP-seq,thymus,H3K4me1,released,H3K4me1 ChIP-seq on 8-week mouse thymus,bam,366986775,https://www.encodedcc.org/files/ENCFF001KXJ/@@download/ENCFF001KXJ.bam,24b93ebff7484faa295224c4cbfbf50e,bing-ren,2011-12-23,2,1,Single-ended,NA,@ENCSR000CCK;https://www.encodedcc.org/files/ENCFF001KYJ/@@download/ENCFF001KYJ.bam;adfc065417cdfe77060d3b5fdf998447@ENCSR000CCK;https://www.encodedcc.org/files/ENCFF001KYK/@@download/ENCFF001KYK.bam;93efe344eca305f97c17ca168bb5a289@ENCSR000CCK;https://www.encodedcc.org/files/ENCFF001KYM/@@download/ENCFF001KYM.bigWig;d16681619ea91c90637331460fbc480d@ENCSR000CCK;https://www.encodedcc.org/files/ENCFF001KYS/@@download/ENCFF001KYS.fastq.gz;bb69ba39ce57627e6a13d2ccec1e6a80@ENCSR000CCK;https://www.encodedcc.org/files/ENCFF001KYT/@@download/ENCFF001KYT.fastq.gz;d9c3637931b15a52607dd86a2aa722d2
ENCSR000CCI,yes,Mus musculus,adult,8week,ChIP-seq,thymus,H3K4me1,released,H3K4me1 ChIP-seq on 8-week mouse thymus,bigWig,45633370,https://www.encodedcc.org/files/ENCFF001KXK/@@download/ENCFF001KXK.bigWig,a5c4bfa8e67ccac1e831043b36bce5f7,bing-ren,2011-12-23,0,0,Single-ended,NA,@ENCSR000CCK;https://www.encodedcc.org/files/ENCFF001KYJ/@@download/ENCFF001KYJ.bam;adfc065417cdfe77060d3b5fdf998447@ENCSR000CCK;https://www.encodedcc.org/files/ENCFF001KYK/@@download/ENCFF001KYK.bam;93efe344eca305f97c17ca168bb5a289@ENCSR000CCK;https://www.encodedcc.org/files/ENCFF001KYM/@@download/ENCFF001KYM.bigWig;d16681619ea91c90637331460fbc480d@ENCSR000CCK;https://www.encodedcc.org/files/ENCFF001KYS/@@download/ENCFF001KYS.fastq.gz;bb69ba39ce57627e6a13d2ccec1e6a80@ENCSR000CCK;https://www.encodedcc.org/files/ENCFF001KYT/@@download/ENCFF001KYT.fastq.gz;d9c3637931b15a52607dd86a2aa722d2
ENCSR000CCI,yes,Mus musculus,adult,8week,ChIP-seq,thymus,H3K4me1,released,H3K4me1 ChIP-seq on 8-week mouse thymus,fastq,411623623,https://www.encodedcc.org/files/ENCFF001KXR/@@download/ENCFF001KXR.fastq.gz,06bae220feb65a656b97b3ca8da89dde,bing-ren,2011-12-23,1,1,Single-ended,NA,@ENCSR000CCK;https://www.encodedcc.org/files/ENCFF001KYJ/@@download/ENCFF001KYJ.bam;adfc065417cdfe77060d3b5fdf998447@ENCSR000CCK;https://www.encodedcc.org/files/ENCFF001KYK/@@download/ENCFF001KYK.bam;93efe344eca305f97c17ca168bb5a289@ENCSR000CCK;https://www.encodedcc.org/files/ENCFF001KYM/@@download/ENCFF001KYM.bigWig;d16681619ea91c90637331460fbc480d@ENCSR000CCK;https://www.encodedcc.org/files/ENCFF001KYS/@@download/ENCFF001KYS.fastq.gz;bb69ba39ce57627e6a13d2ccec1e6a80@ENCSR000CCK;https://www.encodedcc.org/files/ENCFF001KYT/@@download/ENCFF001KYT.fastq.gz;d9c3637931b15a52607dd86a2aa722d2
ENCSR000CCI,yes,Mus musculus,adult,8week,ChIP-seq,thymus,H3K4me1,released,H3K4me1 ChIP-seq on 8-week mouse thymus,fastq,416633493,https://www.encodedcc.org/files/ENCFF001KXT/@@download/ENCFF001KXT.fastq.gz,e6d19d1328e7f6eae2ab5d49affe9a6a,bing-ren,2011-12-23,2,1,Single-ended,NA,@ENCSR000CCK;https://www.encodedcc.org/files/ENCFF001KYJ/@@download/ENCFF001KYJ.bam;adfc065417cdfe77060d3b5fdf998447@ENCSR000CCK;https://www.encodedcc.org/files/ENCFF001KYK/@@download/ENCFF001KYK.bam;93efe344eca305f97c17ca168bb5a289@ENCSR000CCK;https://www.encodedcc.org/files/ENCFF001KYM/@@download/ENCFF001KYM.bigWig;d16681619ea91c90637331460fbc480d@ENCSR000CCK;https://www.encodedcc.org/files/ENCFF001KYS/@@download/ENCFF001KYS.fastq.gz;bb69ba39ce57627e6a13d2ccec1e6a80@ENCSR000CCK;https://www.encodedcc.org/files/ENCFF001KYT/@@download/ENCFF001KYT.fastq.gz;d9c3637931b15a52607dd86a2aa722d2
ENCSR000CCI,yes,Mus musculus,adult,8week,ChIP-seq,thymus,H3K4me1,released,H3K4me1 ChIP-seq on 8-week mouse thymus,bed_broadPeak,623623,https://www.encodedcc.org/files/ENCFF001XZJ/@@download/ENCFF001XZJ.broadPeak.gz,9d0eb2d80610f21f47bda169ac75bdbc,bing-ren,2011-12-23,0,0,Single-ended,NA,@ENCSR000CCK;https://www.encodedcc.org/files/ENCFF001KYJ/@@download/ENCFF001KYJ.bam;adfc065417cdfe77060d3b5fdf998447@ENCSR000CCK;https://www.encodedcc.org/files/ENCFF001KYK/@@download/ENCFF001KYK.bam;93efe344eca305f97c17ca168bb5a289@ENCSR000CCK;https://www.encodedcc.org/files/ENCFF001KYM/@@download/ENCFF001KYM.bigWig;d16681619ea91c90637331460fbc480d@ENCSR000CCK;https://www.encodedcc.org/files/ENCFF001KYS/@@download/ENCFF001KYS.fastq.gz;bb69ba39ce57627e6a13d2ccec1e6a80@ENCSR000CCK;https://www.encodedcc.org/files/ENCFF001KYT/@@download/ENCFF001KYT.fastq.gz;d9c3637931b15a52607dd86a2aa722d2
ENCSR000CCJ,yes,Mus musculus,adult,8week,ChIP-seq,thymus,H3K4me3,released,H3K4me3 ChIP-seq on 8-week mouse thymus,bam,389355370,https://www.encodedcc.org/files/ENCFF001KXL/@@download/ENCFF001KXL.bam,d712e8a1b57e70211a30b879ee9fefb7,bing-ren,2011-12-23,1,1,Single-ended,NA,@ENCSR000CCK;https://www.encodedcc.org/files/ENCFF001KYJ/@@download/ENCFF001KYJ.bam;adfc065417cdfe77060d3b5fdf998447@ENCSR000CCK;https://www.encodedcc.org/files/ENCFF001KYK/@@download/ENCFF001KYK.bam;93efe344eca305f97c17ca168bb5a289@ENCSR000CCK;https://www.encodedcc.org/files/ENCFF001KYM/@@download/ENCFF001KYM.bigWig;d16681619ea91c90637331460fbc480d@ENCSR000CCK;https://www.encodedcc.org/files/ENCFF001KYS/@@download/ENCFF001KYS.fastq.gz;bb69ba39ce57627e6a13d2ccec1e6a80@ENCSR000CCK;https://www.encodedcc.org/files/ENCFF001KYT/@@download/ENCFF001KYT.fastq.gz;d9c3637931b15a52607dd86a2aa722d2
ENCSR000CCJ,yes,Mus musculus,adult,8week,ChIP-seq,thymus,H3K4me3,released,H3K4me3 ChIP-seq on 8-week mouse thymus,broadPeak,314310,https://www.encodedcc.org/files/ENCFF001KXM/@@download/ENCFF001KXM.broadPeak.bigBed,72917638f47c6098e53e2b833f8de7e9,bing-ren,2011-12-23,0,0,Single-ended,NA,@ENCSR000CCK;https://www.encodedcc.org/files/ENCFF001KYJ/@@download/ENCFF001KYJ.bam;adfc065417cdfe77060d3b5fdf998447@ENCSR000CCK;https://www.encodedcc.org/files/ENCFF001KYK/@@download/ENCFF001KYK.bam;93efe344eca305f97c17ca168bb5a289@ENCSR000CCK;https://www.encodedcc.org/files/ENCFF001KYM/@@download/ENCFF001KYM.bigWig;d16681619ea91c90637331460fbc480d@ENCSR000CCK;https://www.encodedcc.org/files/ENCFF001KYS/@@download/ENCFF001KYS.fastq.gz;bb69ba39ce57627e6a13d2ccec1e6a80@ENCSR000CCK;https://www.encodedcc.org/files/ENCFF001KYT/@@download/ENCFF001KYT.fastq.gz;d9c3637931b15a52607dd86a2aa722d2
ENCSR000CCJ,yes,Mus musculus,adult,8week,ChIP-seq,thymus,H3K4me3,released,H3K4me3 ChIP-seq on 8-week mouse thymus,bam,419287740,https://www.encodedcc.org/files/ENCFF001KXO/@@download/ENCFF001KXO.bam,acadf8d3455b3ce4d4f786cc7d1ce38a,bing-ren,2011-12-23,2,1,Single-ended,NA,@ENCSR000CCK;https://www.encodedcc.org/files/ENCFF001KYJ/@@download/ENCFF001KYJ.bam;adfc065417cdfe77060d3b5fdf998447@ENCSR000CCK;https://www.encodedcc.org/files/ENCFF001KYK/@@download/ENCFF001KYK.bam;93efe344eca305f97c17ca168bb5a289@ENCSR000CCK;https://www.encodedcc.org/files/ENCFF001KYM/@@download/ENCFF001KYM.bigWig;d16681619ea91c90637331460fbc480d@ENCSR000CCK;https://www.encodedcc.org/files/ENCFF001KYS/@@download/ENCFF001KYS.fastq.gz;bb69ba39ce57627e6a13d2ccec1e6a80@ENCSR000CCK;https://www.encodedcc.org/files/ENCFF001KYT/@@download/ENCFF001KYT.fastq.gz;d9c3637931b15a52607dd86a2aa722d2
ENCSR000CCJ,yes,Mus musculus,adult,8week,ChIP-seq,thymus,H3K4me3,released,H3K4me3 ChIP-seq on 8-week mouse thymus,bigWig,20807665,https://www.encodedcc.org/files/ENCFF001KXP/@@download/ENCFF001KXP.bigWig,8eebc08a7ebd318f45750308012f587e,bing-ren,2011-12-23,0,0,Single-ended,NA,@ENCSR000CCK;https://www.encodedcc.org/files/ENCFF001KYJ/@@download/ENCFF001KYJ.bam;adfc065417cdfe77060d3b5fdf998447@ENCSR000CCK;https://www.encodedcc.org/files/ENCFF001KYK/@@download/ENCFF001KYK.bam;93efe344eca305f97c17ca168bb5a289@ENCSR000CCK;https://www.encodedcc.org/files/ENCFF001KYM/@@download/ENCFF001KYM.bigWig;d16681619ea91c90637331460fbc480d@ENCSR000CCK;https://www.encodedcc.org/files/ENCFF001KYS/@@download/ENCFF001KYS.fastq.gz;bb69ba39ce57627e6a13d2ccec1e6a80@ENCSR000CCK;https://www.encodedcc.org/files/ENCFF001KYT/@@download/ENCFF001KYT.fastq.gz;d9c3637931b15a52607dd86a2aa722d2
ENCSR000CCJ,yes,Mus musculus,adult,8week,ChIP-seq,thymus,H3K4me3,released,H3K4me3 ChIP-seq on 8-week mouse thymus,fastq,503978520,https://www.encodedcc.org/files/ENCFF001KXW/@@download/ENCFF001KXW.fastq.gz,57405b521627a3cb4a996ee84e7ea310,bing-ren,2011-12-23,1,1,Single-ended,NA,@ENCSR000CCK;https://www.encodedcc.org/files/ENCFF001KYJ/@@download/ENCFF001KYJ.bam;adfc065417cdfe77060d3b5fdf998447@ENCSR000CCK;https://www.encodedcc.org/files/ENCFF001KYK/@@download/ENCFF001KYK.bam;93efe344eca305f97c17ca168bb5a289@ENCSR000CCK;https://www.encodedcc.org/files/ENCFF001KYM/@@download/ENCFF001KYM.bigWig;d16681619ea91c90637331460fbc480d@ENCSR000CCK;https://www.encodedcc.org/files/ENCFF001KYS/@@download/ENCFF001KYS.fastq.gz;bb69ba39ce57627e6a13d2ccec1e6a80@ENCSR000CCK;https://www.encodedcc.org/files/ENCFF001KYT/@@download/ENCFF001KYT.fastq.gz;d9c3637931b15a52607dd86a2aa722d2
ENCSR000CCJ,yes,Mus musculus,adult,8week,ChIP-seq,thymus,H3K4me3,released,H3K4me3 ChIP-seq on 8-week mouse thymus,fastq,554723588,https://www.encodedcc.org/files/ENCFF001KXX/@@download/ENCFF001KXX.fastq.gz,2bcf6821500cc6bf0e827c512e5d9597,bing-ren,2011-12-23,2,1,Single-ended,NA,@ENCSR000CCK;https://www.encodedcc.org/files/ENCFF001KYJ/@@download/ENCFF001KYJ.bam;adfc065417cdfe77060d3b5fdf998447@ENCSR000CCK;https://www.encodedcc.org/files/ENCFF001KYK/@@download/ENCFF001KYK.bam;93efe344eca305f97c17ca168bb5a289@ENCSR000CCK;https://www.encodedcc.org/files/ENCFF001KYM/@@download/ENCFF001KYM.bigWig;d16681619ea91c90637331460fbc480d@ENCSR000CCK;https://www.encodedcc.org/files/ENCFF001KYS/@@download/ENCFF001KYS.fastq.gz;bb69ba39ce57627e6a13d2ccec1e6a80@ENCSR000CCK;https://www.encodedcc.org/files/ENCFF001KYT/@@download/ENCFF001KYT.fastq.gz;d9c3637931b15a52607dd86a2aa722d2
ENCSR000CCJ,yes,Mus musculus,adult,8week,ChIP-seq,thymus,H3K4me3,released,H3K4me3 ChIP-seq on 8-week mouse thymus,bed_broadPeak,202238,https://www.encodedcc.org/files/ENCFF001XZK/@@download/ENCFF001XZK.broadPeak.gz,170a72f0bf31c2d7f0c8c014d88120a1,bing-ren,2011-12-23,0,0,Single-ended,NA,@ENCSR000CCK;https://www.encodedcc.org/files/ENCFF001KYJ/@@download/ENCFF001KYJ.bam;adfc065417cdfe77060d3b5fdf998447@ENCSR000CCK;https://www.encodedcc.org/files/ENCFF001KYK/@@download/ENCFF001KYK.bam;93efe344eca305f97c17ca168bb5a289@ENCSR000CCK;https://www.encodedcc.org/files/ENCFF001KYM/@@download/ENCFF001KYM.bigWig;d16681619ea91c90637331460fbc480d@ENCSR000CCK;https://www.encodedcc.org/files/ENCFF001KYS/@@download/ENCFF001KYS.fastq.gz;bb69ba39ce57627e6a13d2ccec1e6a80@ENCSR000CCK;https://www.encodedcc.org/files/ENCFF001KYT/@@download/ENCFF001KYT.fastq.gz;d9c3637931b15a52607dd86a2aa722d2
ENCSR000CDZ,yes,Mus musculus,adult,8week,ChIP-seq,thymus,CTCF,released,CTCF ChIP-seq on 8-week mouse thymus,bam,155611160,https://www.encodedcc.org/files/ENCFF001LSD/@@download/ENCFF001LSD.bam,151dab0bf72d60b7a9204b3432dcf485,bing-ren,2012-02-14,1,1,Single-ended,NA,@ENCSR000CCK;https://www.encodedcc.org/files/ENCFF001KYJ/@@download/ENCFF001KYJ.bam;adfc065417cdfe77060d3b5fdf998447@ENCSR000CCK;https://www.encodedcc.org/files/ENCFF001KYK/@@download/ENCFF001KYK.bam;93efe344eca305f97c17ca168bb5a289@ENCSR000CCK;https://www.encodedcc.org/files/ENCFF001KYM/@@download/ENCFF001KYM.bigWig;d16681619ea91c90637331460fbc480d@ENCSR000CCK;https://www.encodedcc.org/files/ENCFF001KYS/@@download/ENCFF001KYS.fastq.gz;bb69ba39ce57627e6a13d2ccec1e6a80@ENCSR000CCK;https://www.encodedcc.org/files/ENCFF001KYT/@@download/ENCFF001KYT.fastq.gz;d9c3637931b15a52607dd86a2aa722d2
ENCSR000CDZ,yes,Mus musculus,adult,8week,ChIP-seq,thymus,CTCF,released,CTCF ChIP-seq on 8-week mouse thymus,broadPeak,868107,https://www.encodedcc.org/files/ENCFF001LSE/@@download/ENCFF001LSE.broadPeak.bigBed,63f2b0ab0504577bfaae337831d763fb,bing-ren,2012-02-14,0,0,Single-ended,NA,@ENCSR000CCK;https://www.encodedcc.org/files/ENCFF001KYJ/@@download/ENCFF001KYJ.bam;adfc065417cdfe77060d3b5fdf998447@ENCSR000CCK;https://www.encodedcc.org/files/ENCFF001KYK/@@download/ENCFF001KYK.bam;93efe344eca305f97c17ca168bb5a289@ENCSR000CCK;https://www.encodedcc.org/files/ENCFF001KYM/@@download/ENCFF001KYM.bigWig;d16681619ea91c90637331460fbc480d@ENCSR000CCK;https://www.encodedcc.org/files/ENCFF001KYS/@@download/ENCFF001KYS.fastq.gz;bb69ba39ce57627e6a13d2ccec1e6a80@ENCSR000CCK;https://www.encodedcc.org/files/ENCFF001KYT/@@download/ENCFF001KYT.fastq.gz;d9c3637931b15a52607dd86a2aa722d2
ENCSR000CDZ,yes,Mus musculus,adult,8week,ChIP-seq,thymus,CTCF,released,CTCF ChIP-seq on 8-week mouse thymus,bam,381352971,https://www.encodedcc.org/files/ENCFF001LSF/@@download/ENCFF001LSF.bam,218b267406a96d8c64afb832985cfb44,bing-ren,2012-02-14,2,1,Single-ended,NA,@ENCSR000CCK;https://www.encodedcc.org/files/ENCFF001KYJ/@@download/ENCFF001KYJ.bam;adfc065417cdfe77060d3b5fdf998447@ENCSR000CCK;https://www.encodedcc.org/files/ENCFF001KYK/@@download/ENCFF001KYK.bam;93efe344eca305f97c17ca168bb5a289@ENCSR000CCK;https://www.encodedcc.org/files/ENCFF001KYM/@@download/ENCFF001KYM.bigWig;d16681619ea91c90637331460fbc480d@ENCSR000CCK;https://www.encodedcc.org/files/ENCFF001KYS/@@download/ENCFF001KYS.fastq.gz;bb69ba39ce57627e6a13d2ccec1e6a80@ENCSR000CCK;https://www.encodedcc.org/files/ENCFF001KYT/@@download/ENCFF001KYT.fastq.gz;d9c3637931b15a52607dd86a2aa722d2
ENCSR000CDZ,yes,Mus musculus,adult,8week,ChIP-seq,thymus,CTCF,released,CTCF ChIP-seq on 8-week mouse thymus,bigWig,49026047,https://www.encodedcc.org/files/ENCFF001LSG/@@download/ENCFF001LSG.bigWig,67e38082fc30db952dcfc66c672ce6ed,bing-ren,2012-02-14,0,0,Single-ended,NA,@ENCSR000CCK;https://www.encodedcc.org/files/ENCFF001KYJ/@@download/ENCFF001KYJ.bam;adfc065417cdfe77060d3b5fdf998447@ENCSR000CCK;https://www.encodedcc.org/files/ENCFF001KYK/@@download/ENCFF001KYK.bam;93efe344eca305f97c17ca168bb5a289@ENCSR000CCK;https://www.encodedcc.org/files/ENCFF001KYM/@@download/ENCFF001KYM.bigWig;d16681619ea91c90637331460fbc480d@ENCSR000CCK;https://www.encodedcc.org/files/ENCFF001KYS/@@download/ENCFF001KYS.fastq.gz;bb69ba39ce57627e6a13d2ccec1e6a80@ENCSR000CCK;https://www.encodedcc.org/files/ENCFF001KYT/@@download/ENCFF001KYT.fastq.gz;d9c3637931b15a52607dd86a2aa722d2
ENCSR000CDZ,yes,Mus musculus,adult,8week,ChIP-seq,thymus,CTCF,released,CTCF ChIP-seq on 8-week mouse thymus,fastq,256034181,https://www.encodedcc.org/files/ENCFF001LSJ/@@download/ENCFF001LSJ.fastq.gz,6db797262ef5c927e52b6891089c98d1,bing-ren,2012-02-14,1,1,Single-ended,NA,@ENCSR000CCK;https://www.encodedcc.org/files/ENCFF001KYJ/@@download/ENCFF001KYJ.bam;adfc065417cdfe77060d3b5fdf998447@ENCSR000CCK;https://www.encodedcc.org/files/ENCFF001KYK/@@download/ENCFF001KYK.bam;93efe344eca305f97c17ca168bb5a289@ENCSR000CCK;https://www.encodedcc.org/files/ENCFF001KYM/@@download/ENCFF001KYM.bigWig;d16681619ea91c90637331460fbc480d@ENCSR000CCK;https://www.encodedcc.org/files/ENCFF001KYS/@@download/ENCFF001KYS.fastq.gz;bb69ba39ce57627e6a13d2ccec1e6a80@ENCSR000CCK;https://www.encodedcc.org/files/ENCFF001KYT/@@download/ENCFF001KYT.fastq.gz;d9c3637931b15a52607dd86a2aa722d2
ENCSR000CDZ,yes,Mus musculus,adult,8week,ChIP-seq,thymus,CTCF,released,CTCF ChIP-seq on 8-week mouse thymus,fastq,526849908,https://www.encodedcc.org/files/ENCFF001LSL/@@download/ENCFF001LSL.fastq.gz,4bacf9cb69bbb97d7cb747def245f211,bing-ren,2012-02-14,2,1,Single-ended,NA,@ENCSR000CCK;https://www.encodedcc.org/files/ENCFF001KYJ/@@download/ENCFF001KYJ.bam;adfc065417cdfe77060d3b5fdf998447@ENCSR000CCK;https://www.encodedcc.org/files/ENCFF001KYK/@@download/ENCFF001KYK.bam;93efe344eca305f97c17ca168bb5a289@ENCSR000CCK;https://www.encodedcc.org/files/ENCFF001KYM/@@download/ENCFF001KYM.bigWig;d16681619ea91c90637331460fbc480d@ENCSR000CCK;https://www.encodedcc.org/files/ENCFF001KYS/@@download/ENCFF001KYS.fastq.gz;bb69ba39ce57627e6a13d2ccec1e6a80@ENCSR000CCK;https://www.encodedcc.org/files/ENCFF001KYT/@@download/ENCFF001KYT.fastq.gz;d9c3637931b15a52607dd86a2aa722d2
ENCSR000CDZ,yes,Mus musculus,adult,8week,ChIP-seq,thymus,CTCF,released,CTCF ChIP-seq on 8-week mouse thymus,bed_broadPeak,608534,https://www.encodedcc.org/files/ENCFF001YBC/@@download/ENCFF001YBC.broadPeak.gz,f03daaae347d6a4f519fb3e9e4e63bfa,bing-ren,2012-02-14,0,0,Single-ended,NA,@ENCSR000CCK;https://www.encodedcc.org/files/ENCFF001KYJ/@@download/ENCFF001KYJ.bam;adfc065417cdfe77060d3b5fdf998447@ENCSR000CCK;https://www.encodedcc.org/files/ENCFF001KYK/@@download/ENCFF001KYK.bam;93efe344eca305f97c17ca168bb5a289@ENCSR000CCK;https://www.encodedcc.org/files/ENCFF001KYM/@@download/ENCFF001KYM.bigWig;d16681619ea91c90637331460fbc480d@ENCSR000CCK;https://www.encodedcc.org/files/ENCFF001KYS/@@download/ENCFF001KYS.fastq.gz;bb69ba39ce57627e6a13d2ccec1e6a80@ENCSR000CCK;https://www.encodedcc.org/files/ENCFF001KYT/@@download/ENCFF001KYT.fastq.gz;d9c3637931b15a52607dd86a2aa722d2
